Data ID,Rf-værdi
1,0.6680683976512845
2,0.6697825803595074
3,0.8372881355932204
4,0.3817002640992211
5,0.18517701333868217
6,0.17221943636545986
