Data ID,Rf-værdi
1,0.6680683976512845
2,0.6697825803595074
3,0.8372881355932204
4,0.3687426871259988
5,0.18949620566308964
6,0.1873366095008859
